Unique ID,Title,Address,City,State,Country
address1,"86 Leadenhall Street EC3A 3DH", United Kingdom
address2,306th, "306 W. 38th Street 7th Floor",NY,NY,US
address3,"Via Carlo Bellerio, 41 20161" Milano, Italia
address4,"28 Pearson StreetLondon E2 8JD", United Kingdom
address5,"52 Rue de l'Arbre Sec 75001" Paris, France
address6,Louisiana, 92 Rue Saint-Denis75001 Paris, France
address7,"671 6th Avenue", New York, NY 
address8,"246 Washington Avenue Nutley, NJ 07110", New York, NY 
address9, "139 Rue du Ménil 92600 Asnières-sur-Seine", Paris, France
address10,"40 Rue Jean Jaurès 92230 Gennevilliers", France
address11,"7/9 v. F.lli Bandiera, Pero, MI 20016", Italia
address12,"Via Buzzi, 28 Rho", Milano, Italia
address13, "Via dei Caduti, 7 20020 Arese", Milano, Italia
